--
-- PostgreSQL database dump
--

\restrict bIw5jED8fyMVwMm39JJ5UneQML1fcbDU0Wooo59lGVGqVVrCpdWLNDD7slex4ys

-- Dumped from database version 18.3
-- Dumped by pg_dump version 18.3

SET statement_timeout = 0;
SET lock_timeout = 0;
SET idle_in_transaction_session_timeout = 0;
SET transaction_timeout = 0;
SET client_encoding = 'UTF8';
SET standard_conforming_strings = on;
SELECT pg_catalog.set_config('search_path', '', false);
SET check_function_bodies = false;
SET xmloption = content;
SET client_min_messages = warning;
SET row_security = off;

SET default_tablespace = '';

SET default_table_access_method = heap;

--
-- Name: assignment_submissions; Type: TABLE; Schema: public; Owner: postgres
--

CREATE TABLE public.assignment_submissions (
    id bigint NOT NULL,
    file_path character varying(255) NOT NULL,
    submission_date timestamp(6) without time zone NOT NULL,
    assignment_id bigint NOT NULL,
    student_id bigint NOT NULL,
    student_comment character varying(1000)
);


ALTER TABLE public.assignment_submissions OWNER TO postgres;

--
-- Name: assignment_submissions_id_seq; Type: SEQUENCE; Schema: public; Owner: postgres
--

ALTER TABLE public.assignment_submissions ALTER COLUMN id ADD GENERATED BY DEFAULT AS IDENTITY (
    SEQUENCE NAME public.assignment_submissions_id_seq
    START WITH 1
    INCREMENT BY 1
    NO MINVALUE
    NO MAXVALUE
    CACHE 1
);


--
-- Name: assignments; Type: TABLE; Schema: public; Owner: postgres
--

CREATE TABLE public.assignments (
    id bigint NOT NULL,
    category character varying(20) NOT NULL,
    end_date timestamp(6) without time zone NOT NULL,
    name character varying(100) NOT NULL,
    start_date timestamp(6) without time zone NOT NULL,
    type character varying(20) NOT NULL,
    week_number integer NOT NULL,
    section_id bigint NOT NULL,
    description character varying(1000),
    instructions_file_path character varying(500),
    CONSTRAINT assignments_type_check CHECK (((type)::text = ANY ((ARRAY['TAREA'::character varying, 'EXAMEN'::character varying, 'PRACTICA'::character varying])::text[])))
);


ALTER TABLE public.assignments OWNER TO postgres;

--
-- Name: assignments_id_seq; Type: SEQUENCE; Schema: public; Owner: postgres
--

ALTER TABLE public.assignments ALTER COLUMN id ADD GENERATED BY DEFAULT AS IDENTITY (
    SEQUENCE NAME public.assignments_id_seq
    START WITH 1
    INCREMENT BY 1
    NO MINVALUE
    NO MAXVALUE
    CACHE 1
);


--
-- Name: attendance_justifications; Type: TABLE; Schema: public; Owner: postgres
--

CREATE TABLE public.attendance_justifications (
    id bigint NOT NULL,
    proof_file_path character varying(255),
    reason text NOT NULL,
    status character varying(20) NOT NULL,
    submitted_at timestamp(6) without time zone NOT NULL,
    attendance_id bigint NOT NULL
);


ALTER TABLE public.attendance_justifications OWNER TO postgres;

--
-- Name: attendance_justifications_id_seq; Type: SEQUENCE; Schema: public; Owner: postgres
--

ALTER TABLE public.attendance_justifications ALTER COLUMN id ADD GENERATED BY DEFAULT AS IDENTITY (
    SEQUENCE NAME public.attendance_justifications_id_seq
    START WITH 1
    INCREMENT BY 1
    NO MINVALUE
    NO MAXVALUE
    CACHE 1
);


--
-- Name: attendances; Type: TABLE; Schema: public; Owner: postgres
--

CREATE TABLE public.attendances (
    id bigint NOT NULL,
    date date NOT NULL,
    status character varying(20) NOT NULL,
    section_id bigint NOT NULL,
    student_id bigint NOT NULL
);


ALTER TABLE public.attendances OWNER TO postgres;

--
-- Name: attendances_id_seq; Type: SEQUENCE; Schema: public; Owner: postgres
--

ALTER TABLE public.attendances ALTER COLUMN id ADD GENERATED BY DEFAULT AS IDENTITY (
    SEQUENCE NAME public.attendances_id_seq
    START WITH 1
    INCREMENT BY 1
    NO MINVALUE
    NO MAXVALUE
    CACHE 1
);


--
-- Name: course_materials; Type: TABLE; Schema: public; Owner: postgres
--

CREATE TABLE public.course_materials (
    id bigint NOT NULL,
    file_path character varying(255) NOT NULL,
    title character varying(150) NOT NULL,
    upload_date timestamp(6) without time zone NOT NULL,
    week_number integer NOT NULL,
    section_id bigint NOT NULL,
    visible boolean DEFAULT true NOT NULL
);


ALTER TABLE public.course_materials OWNER TO postgres;

--
-- Name: course_materials_id_seq; Type: SEQUENCE; Schema: public; Owner: postgres
--

ALTER TABLE public.course_materials ALTER COLUMN id ADD GENERATED BY DEFAULT AS IDENTITY (
    SEQUENCE NAME public.course_materials_id_seq
    START WITH 1
    INCREMENT BY 1
    NO MINVALUE
    NO MAXVALUE
    CACHE 1
);


--
-- Name: courses; Type: TABLE; Schema: public; Owner: postgres
--

CREATE TABLE public.courses (
    id bigint NOT NULL,
    code character varying(20) NOT NULL,
    credits integer NOT NULL,
    description character varying(500),
    name character varying(150) NOT NULL
);


ALTER TABLE public.courses OWNER TO postgres;

--
-- Name: courses_id_seq; Type: SEQUENCE; Schema: public; Owner: postgres
--

ALTER TABLE public.courses ALTER COLUMN id ADD GENERATED BY DEFAULT AS IDENTITY (
    SEQUENCE NAME public.courses_id_seq
    START WITH 1
    INCREMENT BY 1
    NO MINVALUE
    NO MAXVALUE
    CACHE 1
);


--
-- Name: enrollments; Type: TABLE; Schema: public; Owner: postgres
--

CREATE TABLE public.enrollments (
    id bigint NOT NULL,
    status character varying(20) NOT NULL,
    section_id bigint NOT NULL,
    student_id bigint NOT NULL
);


ALTER TABLE public.enrollments OWNER TO postgres;

--
-- Name: enrollments_id_seq; Type: SEQUENCE; Schema: public; Owner: postgres
--

ALTER TABLE public.enrollments ALTER COLUMN id ADD GENERATED BY DEFAULT AS IDENTITY (
    SEQUENCE NAME public.enrollments_id_seq
    START WITH 1
    INCREMENT BY 1
    NO MINVALUE
    NO MAXVALUE
    CACHE 1
);


--
-- Name: grades; Type: TABLE; Schema: public; Owner: postgres
--

CREATE TABLE public.grades (
    id bigint NOT NULL,
    score double precision NOT NULL,
    teacher_comment text,
    assignment_id bigint NOT NULL,
    student_id bigint NOT NULL
);


ALTER TABLE public.grades OWNER TO postgres;

--
-- Name: grades_id_seq; Type: SEQUENCE; Schema: public; Owner: postgres
--

ALTER TABLE public.grades ALTER COLUMN id ADD GENERATED BY DEFAULT AS IDENTITY (
    SEQUENCE NAME public.grades_id_seq
    START WITH 1
    INCREMENT BY 1
    NO MINVALUE
    NO MAXVALUE
    CACHE 1
);


--
-- Name: sections; Type: TABLE; Schema: public; Owner: postgres
--

CREATE TABLE public.sections (
    id bigint NOT NULL,
    period character varying(20) NOT NULL,
    course_id bigint NOT NULL,
    teacher_id bigint,
    code character varying(10) NOT NULL
);


ALTER TABLE public.sections OWNER TO postgres;

--
-- Name: sections_id_seq; Type: SEQUENCE; Schema: public; Owner: postgres
--

ALTER TABLE public.sections ALTER COLUMN id ADD GENERATED BY DEFAULT AS IDENTITY (
    SEQUENCE NAME public.sections_id_seq
    START WITH 1
    INCREMENT BY 1
    NO MINVALUE
    NO MAXVALUE
    CACHE 1
);


--
-- Name: users; Type: TABLE; Schema: public; Owner: postgres
--

CREATE TABLE public.users (
    id bigint NOT NULL,
    email character varying(120) NOT NULL,
    is_active boolean,
    password character varying(255) NOT NULL,
    role character varying(20) NOT NULL,
    username character varying(50) NOT NULL,
    CONSTRAINT users_role_check CHECK (((role)::text = ANY (ARRAY[('STUDENT'::character varying)::text, ('TEACHER'::character varying)::text, ('ADMIN'::character varying)::text])))
);


ALTER TABLE public.users OWNER TO postgres;

--
-- Name: users_id_seq; Type: SEQUENCE; Schema: public; Owner: postgres
--

ALTER TABLE public.users ALTER COLUMN id ADD GENERATED BY DEFAULT AS IDENTITY (
    SEQUENCE NAME public.users_id_seq
    START WITH 1
    INCREMENT BY 1
    NO MINVALUE
    NO MAXVALUE
    CACHE 1
);


--
-- Data for Name: assignment_submissions; Type: TABLE DATA; Schema: public; Owner: postgres
--

COPY public.assignment_submissions (id, file_path, submission_date, assignment_id, student_id, student_comment) FROM stdin;
1	uploads/9f45efb2-6f47-47bd-9ab2-ff55a0c601fc.docx	2026-06-16 16:24:30.973147	82	74	\N
2	uploads/c2776eb9-14e4-4cf5-ac4c-9fb0eaa2f5af.docx	2026-06-16 16:41:00.236093	82	74	\N
3	uploads/e60e73dc-529f-4306-9819-a10f35326465.docx	2026-06-16 16:52:55.661329	82	74	\N
4	uploads/5b5eb239-9fc6-42be-aa54-f7740990ea49.docx	2026-06-16 16:53:08.752651	82	74	fhtfghf
5	uploads/7dc4e7cb-9e60-48a2-95f9-21b2494548dd.png	2026-06-16 17:07:50.024826	82	75	\N
\.


--
-- Data for Name: assignments; Type: TABLE DATA; Schema: public; Owner: postgres
--

COPY public.assignments (id, category, end_date, name, start_date, type, week_number, section_id, description, instructions_file_path) FROM stdin;
75	PA	2026-03-29 23:59:00	Tarea 1: Componentes	2026-03-22 08:00:00	TAREA	2	21	\N	\N
76	PC1	2026-04-12 20:00:00	Práctica Calificada 1	2026-04-12 08:00:00	PRACTICA	5	21	\N	\N
77	PA	2026-04-26 23:59:00	Tarea 2: Hooks y Efectos	2026-04-19 08:00:00	TAREA	6	21	\N	\N
78	PC2	2026-05-17 20:00:00	Práctica Calificada 2	2026-05-17 08:00:00	PRACTICA	10	21	\N	\N
79	PA	2026-06-07 23:59:00	Tarea 3: Context y Redux	2026-05-31 08:00:00	TAREA	12	21	\N	\N
80	PC3	2026-06-21 20:00:00	Práctica Calificada 3	2026-06-21 08:00:00	PRACTICA	15	21	\N	\N
81	EXFINAL	2026-07-12 20:00:00	Examen Final	2026-07-12 08:00:00	EXAMEN	18	21	\N	\N
82	PA	2026-06-17 04:10:00	Tarea 1	2026-06-16 04:10:00	TAREA	1	21	Realizar una Presentación breve sobre que esperan del curso durante el ciclo	\N
83	PA	2026-06-26 22:42:00	Desarrollar los ejercicios indicados en clase con el lenguaje de programación JAVA	2026-03-23 22:41:00	TAREA	1	22	ZIP + LINK DE EXPLICACIÓN DEL DESARROLLO (NOTA ESTE EJERCICIO SE CONSIDERARA COMO PUNTAJE PARA SU PROXIMA CALIFICACIÓN)	uploads/4daa8706-2d2c-4f52-8dbf-039faf5a680c.png
\.


--
-- Data for Name: attendance_justifications; Type: TABLE DATA; Schema: public; Owner: postgres
--

COPY public.attendance_justifications (id, proof_file_path, reason, status, submitted_at, attendance_id) FROM stdin;
\.


--
-- Data for Name: attendances; Type: TABLE DATA; Schema: public; Owner: postgres
--

COPY public.attendances (id, date, status, section_id, student_id) FROM stdin;
367	2026-03-16	PRESENTE	21	74
368	2026-03-16	PRESENTE	21	75
369	2026-03-16	PRESENTE	21	76
370	2026-03-16	PRESENTE	21	77
372	2026-03-23	PRESENTE	21	75
373	2026-03-23	AUSENTE	21	76
374	2026-03-23	PRESENTE	21	77
375	2026-03-30	PRESENTE	21	74
376	2026-03-30	TARDE	21	75
377	2026-03-30	PRESENTE	21	76
378	2026-03-30	PRESENTE	21	77
379	2026-04-06	TARDE	21	74
380	2026-04-06	PRESENTE	21	75
381	2026-04-06	PRESENTE	21	76
382	2026-04-06	PRESENTE	21	77
383	2026-04-13	PRESENTE	21	74
384	2026-04-13	PRESENTE	21	75
385	2026-04-13	PRESENTE	21	76
386	2026-04-13	AUSENTE	21	77
387	2026-04-20	PRESENTE	21	74
388	2026-04-20	PRESENTE	21	75
389	2026-04-20	AUSENTE	21	76
390	2026-04-20	PRESENTE	21	77
391	2026-04-27	PRESENTE	21	74
392	2026-04-27	PRESENTE	21	75
393	2026-04-27	PRESENTE	21	76
394	2026-04-27	PRESENTE	21	77
395	2026-05-04	PRESENTE	21	74
396	2026-05-04	TARDE	21	75
397	2026-05-04	PRESENTE	21	76
398	2026-05-04	PRESENTE	21	77
399	2026-05-11	PRESENTE	21	74
400	2026-05-11	PRESENTE	21	75
401	2026-05-11	TARDE	21	76
402	2026-05-11	PRESENTE	21	77
403	2026-05-18	PRESENTE	21	74
404	2026-05-18	PRESENTE	21	75
405	2026-05-18	PRESENTE	21	76
406	2026-05-18	PRESENTE	21	77
407	2026-03-23	TARDE	21	76
408	2026-03-23	PRESENTE	21	76
409	2026-03-23	TARDE	21	76
410	2026-03-23	AUSENTE	21	76
411	2026-03-30	AUSENTE	21	74
412	2026-03-30	TARDE	21	74
424	2026-03-23	AUSENTE	21	76
425	2026-03-23	PRESENTE	21	76
426	2026-03-23	TARDE	21	76
427	2026-03-23	TARDE	21	76
432	2026-03-16	PRESENTE	22	74
433	2026-03-16	PRESENTE	22	75
371	2026-03-23	TARDE	21	74
428	2026-05-25	PRESENTE	21	74
429	2026-05-25	PRESENTE	21	75
430	2026-05-25	PRESENTE	21	76
431	2026-05-25	TARDE	21	77
434	2026-03-16	PRESENTE	22	76
435	2026-03-16	TARDE	22	77
436	2026-03-16	PRESENTE	22	86
437	2026-03-16	PRESENTE	22	85
438	2026-03-16	AUSENTE	22	84
439	2026-03-16	PRESENTE	22	83
\.


--
-- Data for Name: course_materials; Type: TABLE DATA; Schema: public; Owner: postgres
--

COPY public.course_materials (id, file_path, title, upload_date, week_number, section_id, visible) FROM stdin;
35	uploads/26abce70-403f-4ef9-bdc3-1b90774f2dd5.pdf	Silabo del Curso	2026-06-15 23:09:19.13249	1	21	t
36	uploads/61bdf936-d2f3-4684-b2b7-dd30225f80d0.pdf	Silabo del Curso	2026-06-22 17:37:45.681306	1	22	t
38	uploads/4db03a24-0514-4fdc-8ad7-fe924cf136a1.pdf	Introducción al curso y a Spring Boot	2026-06-22 17:56:55.408707	1	22	t
37	uploads/d241ae9b-6ccf-47f5-97c1-55a3ac28a84b.pdf	Material de Clase	2026-06-22 17:40:05.223516	1	22	t
\.


--
-- Data for Name: courses; Type: TABLE DATA; Schema: public; Owner: postgres
--

COPY public.courses (id, code, credits, description, name) FROM stdin;
25	DPS-2026	2	Curso de especialización en IBM Desing Thinking	Diseño de Productos y Servicios
23	DWI-2026	3	Curso de especialización en React y Spring Boot	Desarrollo Web Integrado
22	DFS-2026	4	Curso de especialización en Angular y Spring Boot	Desarrollo Web Full Stack
24	DS-2026	4	Curso de especialización en CMMI	Desarrollo de  Software
26	HD-2026	3	Curso de especialización en Herramientas como Git, Jira, GitHub, etc.	Herramientas de Desarrollo
27	TC-2026	2	Curso de especialización en Automatas AFND y DFA	Teoría de Computación
28	SI-2026	2	Aplicación de normas y políticas de seguridad en una entidad	Seguridad Informática 
\.


--
-- Data for Name: enrollments; Type: TABLE DATA; Schema: public; Owner: postgres
--

COPY public.enrollments (id, status, section_id, student_id) FROM stdin;
62	ENROLLED	21	74
63	ENROLLED	21	75
64	ENROLLED	21	76
65	ENROLLED	21	77
66	ENROLLED	22	74
67	ENROLLED	22	75
68	ENROLLED	22	76
69	ENROLLED	22	77
70	ENROLLED	25	74
71	ENROLLED	25	76
72	ENROLLED	23	75
73	ENROLLED	23	77
74	ENROLLED	24	74
75	ENROLLED	26	76
76	ENROLLED	26	75
77	ENROLLED	26	77
78	ENROLLED	27	75
79	ENROLLED	27	74
80	ENROLLED	27	76
81	ENROLLED	21	84
82	ENROLLED	21	86
83	ENROLLED	22	86
84	ENROLLED	22	85
85	ENROLLED	22	84
86	ENROLLED	22	83
\.


--
-- Data for Name: grades; Type: TABLE DATA; Schema: public; Owner: postgres
--

COPY public.grades (id, score, teacher_comment, assignment_id, student_id) FROM stdin;
320	12		82	74
321	19	Registrado desde UI de Calificaciones	82	75
292	18	Buen trabajo en la estructuración de componentes	75	74
293	16	Buen examen, repasar la parte teórica	76	74
294	17.5	Uso correcto de useEffect y dependencias	77	74
295	15	Bien resuelto	78	74
296	19	Excelente implementación de Redux Toolkit	79	74
297	14	Faltó pulir el manejo de errores en el API	80	74
298	15	Examen final aprobado con buen desempeño general	81	74
299	17	Excelente	75	75
300	15	Aprobado	76	75
301	16	Buen uso de Hooks	77	75
302	16	Completo	78	75
303	18	Muy estructurado	79	75
304	15	Aprobado	80	75
305	16	Buen examen	81	75
306	14	Regular	75	76
307	11	Por poco desaprueba	76	76
308	15	Bien	77	76
309	13	Regular	78	76
310	14	Entregado a tiempo	79	76
311	12	Faltó profundidad	80	76
312	12	Aprobado	81	76
313	15	Buen intento	75	77
314	14	Aprobado	76	77
315	13	Mejorar código	77	77
316	12	Bajo rendimiento	78	77
317	15	Buen trabajo en equipo	79	77
318	13	Regular	80	77
319	14	Buen examen final	81	77
\.


--
-- Data for Name: sections; Type: TABLE DATA; Schema: public; Owner: postgres
--

COPY public.sections (id, period, course_id, teacher_id, code) FROM stdin;
21	2026-I	22	73	SEC-A
25	2026-I	26	81	24830
22	2026-I	23	79	24829
23	2026-I	25	80	24694
24	2026-I	24	78	27930
26	2026-I	27	73	27938
27	2026-I	28	78	18403
\.


--
-- Data for Name: users; Type: TABLE DATA; Schema: public; Owner: postgres
--

COPY public.users (id, email, is_active, password, role, username) FROM stdin;
72	juanpablo@edutrack.com	t	$2a$10$ImjUQ558.xNONb4Y6v3mMuA4Hb6uZIGt3srRhDPu4G5YJkEsQEXVW	ADMIN	JUAN PABLO
73	ferminlopez@edutrack.com	t	$2a$10$66YxoWdmMTIJ3UbWxuXf0.TiFd.92NTBqYreu6yvcmvxVZIaekP3y	TEACHER	FERMIN LOPEZ
74	edumorales@edutrack.com	t	$2a$10$Liw3JGWINO4lszN0TcguweOq4gglw41MrIv1DAFfdJq7ZTSY3Tm7m	STUDENT	EDU MORALES
75	mariagomez@edutrack.com	t	$2a$10$BewnyCvS0u.EwgWtURs9qehmI9mf8azXLNPf7GXX5HPVgQxuutiy6	STUDENT	MARIA GOMEZ
76	juanperez@edutrack.com	t	$2a$10$7CnODHYF0PSPKfFdfcIc4.0izXeJDzRrvRtlLb5giOw7v70OCWERm	STUDENT	JUAN PEREZ
77	luisramirez@edutrack.com	t	$2a$10$J4tYD/47Lnqi85viCZfaLeHw56IZBvTTzxeKUUU4pJzT7URpDoVsa	STUDENT	LUIS RAMIREZ
78	renealejandro@edutrack.com	t	$2a$10$rfdiMsNU5Q268PsRDdcVZOHK007wSeHMeGJ9rtrUfoUl3C1UzqMcS	TEACHER	RENE ALEJANDRO
79	enriquelee@edutrack.com	t	$2a$10$oN88nDS1hH6Nd9e5w6ygyOWfPQuOLSotAX3wOkwoILS9jxfnJoUPO	TEACHER	ENRIQUE LEE
81	migueljaeger@edutrack.com	t	$2a$10$L3jiJmZsMyPI6Qpe.zfRfOqM6O6yy9Wf1D3NMnsUSEKdBoyHd62WW	TEACHER	MIGUEL JAEGER
82	carlosarlberto@edutrack.com	t	$2a$10$Bd/BqgXw00QMUBltilmxre1BrMPdo87ZF8oYV4nCHxXDepgxZqVxG	TEACHER	CARLOS ALBERTO
80	jorgealfredo@edutrack.com	t	$2a$10$tFtl5HqR.CnU4uUon56bKeqm4LKIuUcrF/OFRSgOy3U1f9syT0ZA.	TEACHER	JORGE ALFREDO
83	sebastianabel@edutrack.com	t	$2a$10$8wSu.T2FzPvJgpnNThYtHuPQmrnIyO2BszwMwiYg5luAtqcRO/cW2	STUDENT	SEBASTIAN ABEL
84	josueangel@edutrack.com	t	$2a$10$uQoslpx1wsEtYLbZocM/lOyadRlh6SlNHln4hBeKcoYtis2JSnN8G	STUDENT	JOSUE ANGEL
85	loayza@edutrack.com	t	$2a$10$cGudcxJhKRqvhK2UlYplJubcWObFx/zPIYlCGPvM46ql7SBriAAf2	STUDENT	CRISTHIAN LOAYZA
86	nicolesarmiento@edutrack.com	t	$2a$10$xEFtBsO1RwtorRRIodEHweLjdKSqZFtjTuxv1BOw20kxI0p3qMMZm	STUDENT	NICOLE SOBRINO
\.


--
-- Name: assignment_submissions_id_seq; Type: SEQUENCE SET; Schema: public; Owner: postgres
--

SELECT pg_catalog.setval('public.assignment_submissions_id_seq', 5, true);


--
-- Name: assignments_id_seq; Type: SEQUENCE SET; Schema: public; Owner: postgres
--

SELECT pg_catalog.setval('public.assignments_id_seq', 83, true);


--
-- Name: attendance_justifications_id_seq; Type: SEQUENCE SET; Schema: public; Owner: postgres
--

SELECT pg_catalog.setval('public.attendance_justifications_id_seq', 1, false);


--
-- Name: attendances_id_seq; Type: SEQUENCE SET; Schema: public; Owner: postgres
--

SELECT pg_catalog.setval('public.attendances_id_seq', 439, true);


--
-- Name: course_materials_id_seq; Type: SEQUENCE SET; Schema: public; Owner: postgres
--

SELECT pg_catalog.setval('public.course_materials_id_seq', 38, true);


--
-- Name: courses_id_seq; Type: SEQUENCE SET; Schema: public; Owner: postgres
--

SELECT pg_catalog.setval('public.courses_id_seq', 28, true);


--
-- Name: enrollments_id_seq; Type: SEQUENCE SET; Schema: public; Owner: postgres
--

SELECT pg_catalog.setval('public.enrollments_id_seq', 86, true);


--
-- Name: grades_id_seq; Type: SEQUENCE SET; Schema: public; Owner: postgres
--

SELECT pg_catalog.setval('public.grades_id_seq', 321, true);


--
-- Name: sections_id_seq; Type: SEQUENCE SET; Schema: public; Owner: postgres
--

SELECT pg_catalog.setval('public.sections_id_seq', 27, true);


--
-- Name: users_id_seq; Type: SEQUENCE SET; Schema: public; Owner: postgres
--

SELECT pg_catalog.setval('public.users_id_seq', 86, true);


--
-- Name: assignment_submissions assignment_submissions_pkey; Type: CONSTRAINT; Schema: public; Owner: postgres
--

ALTER TABLE ONLY public.assignment_submissions
    ADD CONSTRAINT assignment_submissions_pkey PRIMARY KEY (id);


--
-- Name: assignments assignments_pkey; Type: CONSTRAINT; Schema: public; Owner: postgres
--

ALTER TABLE ONLY public.assignments
    ADD CONSTRAINT assignments_pkey PRIMARY KEY (id);


--
-- Name: attendance_justifications attendance_justifications_pkey; Type: CONSTRAINT; Schema: public; Owner: postgres
--

ALTER TABLE ONLY public.attendance_justifications
    ADD CONSTRAINT attendance_justifications_pkey PRIMARY KEY (id);


--
-- Name: attendances attendances_pkey; Type: CONSTRAINT; Schema: public; Owner: postgres
--

ALTER TABLE ONLY public.attendances
    ADD CONSTRAINT attendances_pkey PRIMARY KEY (id);


--
-- Name: course_materials course_materials_pkey; Type: CONSTRAINT; Schema: public; Owner: postgres
--

ALTER TABLE ONLY public.course_materials
    ADD CONSTRAINT course_materials_pkey PRIMARY KEY (id);


--
-- Name: courses courses_pkey; Type: CONSTRAINT; Schema: public; Owner: postgres
--

ALTER TABLE ONLY public.courses
    ADD CONSTRAINT courses_pkey PRIMARY KEY (id);


--
-- Name: enrollments enrollments_pkey; Type: CONSTRAINT; Schema: public; Owner: postgres
--

ALTER TABLE ONLY public.enrollments
    ADD CONSTRAINT enrollments_pkey PRIMARY KEY (id);


--
-- Name: grades grades_pkey; Type: CONSTRAINT; Schema: public; Owner: postgres
--

ALTER TABLE ONLY public.grades
    ADD CONSTRAINT grades_pkey PRIMARY KEY (id);


--
-- Name: sections sections_pkey; Type: CONSTRAINT; Schema: public; Owner: postgres
--

ALTER TABLE ONLY public.sections
    ADD CONSTRAINT sections_pkey PRIMARY KEY (id);


--
-- Name: courses uk61og8rbqdd2y28rx2et5fdnxd; Type: CONSTRAINT; Schema: public; Owner: postgres
--

ALTER TABLE ONLY public.courses
    ADD CONSTRAINT uk61og8rbqdd2y28rx2et5fdnxd UNIQUE (code);


--
-- Name: users uk6dotkott2kjsp8vw4d0m25fb7; Type: CONSTRAINT; Schema: public; Owner: postgres
--

ALTER TABLE ONLY public.users
    ADD CONSTRAINT uk6dotkott2kjsp8vw4d0m25fb7 UNIQUE (email);


--
-- Name: enrollments ukj1fpm330vse7gvfghxpg2n5tp; Type: CONSTRAINT; Schema: public; Owner: postgres
--

ALTER TABLE ONLY public.enrollments
    ADD CONSTRAINT ukj1fpm330vse7gvfghxpg2n5tp UNIQUE (student_id, section_id);


--
-- Name: sections uklvdivlbbx4vktjrc549yate5p; Type: CONSTRAINT; Schema: public; Owner: postgres
--

ALTER TABLE ONLY public.sections
    ADD CONSTRAINT uklvdivlbbx4vktjrc549yate5p UNIQUE (course_id, period, code);


--
-- Name: users ukr43af9ap4edm43mmtq01oddj6; Type: CONSTRAINT; Schema: public; Owner: postgres
--

ALTER TABLE ONLY public.users
    ADD CONSTRAINT ukr43af9ap4edm43mmtq01oddj6 UNIQUE (username);


--
-- Name: users users_pkey; Type: CONSTRAINT; Schema: public; Owner: postgres
--

ALTER TABLE ONLY public.users
    ADD CONSTRAINT users_pkey PRIMARY KEY (id);


--
-- Name: grades fk287de6bfabv9mj8r4flun01jd; Type: FK CONSTRAINT; Schema: public; Owner: postgres
--

ALTER TABLE ONLY public.grades
    ADD CONSTRAINT fk287de6bfabv9mj8r4flun01jd FOREIGN KEY (assignment_id) REFERENCES public.assignments(id);


--
-- Name: enrollments fk2lha5vwilci2yi3vu5akusx4a; Type: FK CONSTRAINT; Schema: public; Owner: postgres
--

ALTER TABLE ONLY public.enrollments
    ADD CONSTRAINT fk2lha5vwilci2yi3vu5akusx4a FOREIGN KEY (student_id) REFERENCES public.users(id);


--
-- Name: grades fk2udi8qqpoqmopyp47iy76jeq6; Type: FK CONSTRAINT; Schema: public; Owner: postgres
--

ALTER TABLE ONLY public.grades
    ADD CONSTRAINT fk2udi8qqpoqmopyp47iy76jeq6 FOREIGN KEY (student_id) REFERENCES public.users(id);


--
-- Name: attendances fk3jtnwj00nndvisyssy7tslmt0; Type: FK CONSTRAINT; Schema: public; Owner: postgres
--

ALTER TABLE ONLY public.attendances
    ADD CONSTRAINT fk3jtnwj00nndvisyssy7tslmt0 FOREIGN KEY (section_id) REFERENCES public.sections(id);


--
-- Name: sections fk7ty9cevpq04d90ohtso1q8312; Type: FK CONSTRAINT; Schema: public; Owner: postgres
--

ALTER TABLE ONLY public.sections
    ADD CONSTRAINT fk7ty9cevpq04d90ohtso1q8312 FOREIGN KEY (course_id) REFERENCES public.courses(id);


--
-- Name: attendances fk8rw9g2dvy0k41jwi5750bt1y5; Type: FK CONSTRAINT; Schema: public; Owner: postgres
--

ALTER TABLE ONLY public.attendances
    ADD CONSTRAINT fk8rw9g2dvy0k41jwi5750bt1y5 FOREIGN KEY (student_id) REFERENCES public.users(id);


--
-- Name: course_materials fk97gtx0qbuvfoy1chhqjjodi1b; Type: FK CONSTRAINT; Schema: public; Owner: postgres
--

ALTER TABLE ONLY public.course_materials
    ADD CONSTRAINT fk97gtx0qbuvfoy1chhqjjodi1b FOREIGN KEY (section_id) REFERENCES public.sections(id);


--
-- Name: attendance_justifications fkdtep84afll9hyujijwyipujq8; Type: FK CONSTRAINT; Schema: public; Owner: postgres
--

ALTER TABLE ONLY public.attendance_justifications
    ADD CONSTRAINT fkdtep84afll9hyujijwyipujq8 FOREIGN KEY (attendance_id) REFERENCES public.attendances(id);


--
-- Name: assignment_submissions fkgf6lwnlqvnetehdftwcij7r5g; Type: FK CONSTRAINT; Schema: public; Owner: postgres
--

ALTER TABLE ONLY public.assignment_submissions
    ADD CONSTRAINT fkgf6lwnlqvnetehdftwcij7r5g FOREIGN KEY (student_id) REFERENCES public.users(id);


--
-- Name: enrollments fkh00337cnw2p14fuan7x3rwye6; Type: FK CONSTRAINT; Schema: public; Owner: postgres
--

ALTER TABLE ONLY public.enrollments
    ADD CONSTRAINT fkh00337cnw2p14fuan7x3rwye6 FOREIGN KEY (section_id) REFERENCES public.sections(id);


--
-- Name: assignment_submissions fkm7i7ubgh7y2n6mvg8muw62oax; Type: FK CONSTRAINT; Schema: public; Owner: postgres
--

ALTER TABLE ONLY public.assignment_submissions
    ADD CONSTRAINT fkm7i7ubgh7y2n6mvg8muw62oax FOREIGN KEY (assignment_id) REFERENCES public.assignments(id);


--
-- Name: sections fknsg57clkhewbkp6tmlwpruwvi; Type: FK CONSTRAINT; Schema: public; Owner: postgres
--

ALTER TABLE ONLY public.sections
    ADD CONSTRAINT fknsg57clkhewbkp6tmlwpruwvi FOREIGN KEY (teacher_id) REFERENCES public.users(id);


--
-- Name: assignments fkpwko74vv09l7mxyp13qm0ghwr; Type: FK CONSTRAINT; Schema: public; Owner: postgres
--

ALTER TABLE ONLY public.assignments
    ADD CONSTRAINT fkpwko74vv09l7mxyp13qm0ghwr FOREIGN KEY (section_id) REFERENCES public.sections(id);


--
-- PostgreSQL database dump complete
--

\unrestrict bIw5jED8fyMVwMm39JJ5UneQML1fcbDU0Wooo59lGVGqVVrCpdWLNDD7slex4ys

